start,end,distance,time,service
PE5,B1,0.4,5,LRT-BRIDGE
B1,821658A,0.1,2,BRIDGE-HDB
B1,822658B,0.2,3,BRIDGE-HDB
B1,823658C,0.2,3,BRIDGE-HDB
B1,821659A,0.2,3,BRIDGE-HDB
B1,822659B,0.2,3,BRIDGE-HDB
B1,823659C,0.3,4,BRIDGE-HDB
PE5,B2,0.4,5,LRT-BRIDGE
B2,821661A,0.2,3,BRIDGE-HDB
PE5,B3,0.6,8,LRT-BRIDGE
B3,821661A,0.5,6,BRIDGE-HDB
B2,822661B,0.2,3,BRIDGE-HDB
B3,822661B,0.4,5,BRIDGE-HDB
B2,823661C,0.2,3,BRIDGE-HDB
B3,823661C,0.5,6,BRIDGE-HDB
B2,821662A,0.3,4,BRIDGE-HDB
B3,821662A,0.6,8,BRIDGE-HDB
B2,822662B,0.4,5,BRIDGE-HDB
B3,822662B,0.7,9,BRIDGE-HDB
B2,823662C,0.4,5,BRIDGE-HDB
B3,823662C,0.7,9,BRIDGE-HDB
B2,824662D,0.3,4,BRIDGE-HDB
B3,824662D,0.6,8,BRIDGE-HDB
PE6,B3,0.2,3,LRT-BRIDGE
B3,821668A,0.2,3,BRIDGE-HDB
PE6,B4,0.4,5,LRT-BRIDGE
B4,821668A,0.1,2,BRIDGE-HDB
B3,822668B,0.2,3,BRIDGE-HDB
B4,822668B,0.2,3,BRIDGE-HDB
B3,821669A,0.2,3,BRIDGE-HDB
B4,821669A,0.3,4,BRIDGE-HDB
B3,822669B,0.2,3,BRIDGE-HDB
B4,822669B,0.3,4,BRIDGE-HDB
B3,821670A,0.3,4,BRIDGE-HDB
B4,821670A,0.2,3,BRIDGE-HDB
B3,822670B,0.2,3,BRIDGE-HDB
B4,822670B,0.2,3,BRIDGE-HDB
B3,823670C,0.2,3,BRIDGE-HDB
B4,823670C,0.3,4,BRIDGE-HDB
PE7,B3,0.6,8,LRT-BRIDGE
B3,821671A,0.4,5,BRIDGE-HDB
PE7,B4,0.4,5,LRT-BRIDGE
B4,821671A,0.2,3,BRIDGE-HDB
B3,822671B,0.4,5,BRIDGE-HDB
B4,822671B,0.2,3,BRIDGE-HDB
B3,822672B,0.4,5,BRIDGE-HDB
B4,822672B,0.2,3,BRIDGE-HDB
B3,823672C,0.5,6,BRIDGE-HDB
B4,823672C,0.3,4,BRIDGE-HDB
B3,824672D,0.6,8,BRIDGE-HDB
B4,824672D,0.4,5,BRIDGE-HDB
B3,821673A,0.4,5,BRIDGE-HDB
B4,821673A,0.2,3,BRIDGE-HDB
B3,822673B,0.5,6,BRIDGE-HDB
B4,822673B,0.3,4,BRIDGE-HDB
B3,823673C,0.6,8,BRIDGE-HDB
B4,823673C,0.3,4,BRIDGE-HDB
PE6,B2,0.4,5,LRT-BRIDGE
B2,821682A,0.2,3,BRIDGE-HDB
B3,821682A,0.4,5,BRIDGE-HDB
B2,822682B,0.2,3,BRIDGE-HDB
B3,822682B,0.3,4,BRIDGE-HDB
B2,823682C,0.2,3,BRIDGE-HDB
B3,823682C,0.3,4,BRIDGE-HDB
B2,821683A,0.3,4,BRIDGE-HDB
B3,821683A,0.3,4,BRIDGE-HDB
B2,822683B,0.3,4,BRIDGE-HDB
B3,822683B,0.3,4,BRIDGE-HDB
B2,823683C,0.3,4,BRIDGE-HDB
B3,823683C,0.2,3,BRIDGE-HDB
B2,821684A,0.1,2,BRIDGE-HDB
B3,821684A,0.3,4,BRIDGE-HDB
B2,822684B,0.2,3,BRIDGE-HDB
B3,822684B,0.2,3,BRIDGE-HDB
B2,823684C,0.2,3,BRIDGE-HDB
B3,823684C,0.2,3,BRIDGE-HDB
B2,824684D,0.3,4,BRIDGE-HDB
B3,824684D,0.1,2,BRIDGE-HDB
65561,B1,0.1,2,BUS-BRIDGE
65569,B1,0.1,2,BUS-BRIDGE
65321,B1,0.4,5,BUS-BRIDGE
65329,B1,0.4,5,BUS-BRIDGE
65379,B2,0.1,2,BUS-BRIDGE
65379,B3,0.4,5,BUS-BRIDGE
65371,B2,0.1,2,BUS-BRIDGE
65371,B3,0.4,5,BUS-BRIDGE
65329,B2,0.3,4,BUS-BRIDGE
65329,B3,0.6,8,BUS-BRIDGE
65561,B2,0.6,8,BUS-BRIDGE
65561,B3,0.9,11,BUS-BRIDGE
65321,B2,0.4,5,BUS-BRIDGE
65321,B3,0.6,8,BUS-BRIDGE
65319,B3,0.2,3,BUS-BRIDGE
65319,B4,0.3,4,BUS-BRIDGE
65399,B3,0.3,4,BUS-BRIDGE
65399,B4,0.2,3,BUS-BRIDGE
65391,B3,0.3,4,BUS-BRIDGE
65391,B4,0.2,3,BUS-BRIDGE
65301,B3,0.5,6,BUS-BRIDGE
65301,B4,0.3,4,BUS-BRIDGE
65101,B3,0.8,10,BUS-BRIDGE
65101,B4,0.5,6,BUS-BRIDGE
65109,B3,0.7,9,BUS-BRIDGE
65109,B4,0.5,6,BUS-BRIDGE
65309,B3,0.6,8,BUS-BRIDGE
65309,B4,0.4,5,BUS-BRIDGE
65311,B2,0.4,5,BUS-BRIDGE
65311,B3,0.2,3,BUS-BRIDGE
65399,B2,0.6,8,BUS-BRIDGE
65319,B2,0.4,5,BUS-BRIDGE
