start,end,distance,time,service
PE1,821101A,0.2,2.0,LRT-HDB
PE1,822101B,0.2,3.0,LRT-HDB
PE2,822101B,0.3,4.0,LRT-HDB
PE1,823101C,0.2,3.0,LRT-HDB
PE2,823101C,0.3,4.0,LRT-HDB
PE1,824101D,0.2,2.0,LRT-HDB
PE1,821102A,0.1,1.0,LRT-HDB
PE1,822102B,0.1,1.0,LRT-HDB
PE1,823102C,0.2,2.0,LRT-HDB
PE1,824102D,0.2,2.0,LRT-HDB
PE1,821103A,0.2,3.0,LRT-HDB
PE1,822103B,0.3,3.0,LRT-HDB
PE1,823103C,0.3,4.0,LRT-HDB
PE1,821104A,0.4,4.0,LRT-HDB
PE1,822104B,0.4,4.0,LRT-HDB
PE1,821105A,0.3,4.0,LRT-HDB
PE1,822105B,0.3,3.0,LRT-HDB
PE1,823105C,0.2,3.0,LRT-HDB
PE1,824105D,0.3,4.0,LRT-HDB
PE2,821106A,0.1,1.0,LRT-HDB
PE2,822106B,0.2,2.0,LRT-HDB
PE2,823106C,0.2,2.0,LRT-HDB
PE1,824106D,0.3,4.0,LRT-HDB
PE2,824106D,0.2,3.0,LRT-HDB
PE1,821107A,0.3,4.0,LRT-HDB
PE2,821107A,0.3,3.0,LRT-HDB
PE2,822107B,0.2,3.0,LRT-HDB
PE2,823107C,0.2,2.0,LRT-HDB
PE2,824107D,0.2,2.0,LRT-HDB
PE2,821109A,0.3,4.0,LRT-HDB
PE2,822109B,0.3,3.0,LRT-HDB
PE2,823109C,0.2,3.0,LRT-HDB
PE2,824109D,0.2,2.0,LRT-HDB
PE2,821110A,0.1,2.0,LRT-HDB
PE2,822110B,0.2,2.0,LRT-HDB
PE2,823110C,0.3,3.0,LRT-HDB
PE2,824110D,0.3,4.0,LRT-HDB
PE3,824110D,0.3,4.0,LRT-HDB
PE2,820111,0.3,4.0,LRT-HDB
PE2,820112,0.3,3.0,LRT-HDB
PE2,820114,0.2,3.0,LRT-HDB
PE2,820115,0.3,4.0,LRT-HDB
PE2,820116,0.3,4.0,LRT-HDB
PE2,820117,0.3,4.0,LRT-HDB
PE2,820118,0.4,4.0,LRT-HDB
PE2,821120A,0.3,4.0,LRT-HDB
PE2,822120B,0.3,4.0,LRT-HDB
PE2,821121A,0.4,4.0,LRT-HDB
PE3,822121B,0.5,5.0,LRT-HDB
PE2,821122A,0.4,5.0,LRT-HDB
PE2,822122B,0.4,4.0,LRT-HDB
PE3,821126A,0.2,2.0,LRT-HDB
PE3,822126B,0.2,3.0,LRT-HDB
PE3,823126C,0.3,3.0,LRT-HDB
PE3,824126D,0.2,3.0,LRT-HDB
PE3,821128A,0.1,1.0,LRT-HDB
PE3,822128B,0.2,2.0,LRT-HDB
PE3,823128C,0.2,2.0,LRT-HDB
PE3,824128D,0.2,2.0,LRT-HDB
PW7,828776,0.5,6.0,LRT-HDB
PW7,828777,0.6,6.0,LRT-HDB
PE3,820133,0.3,3.0,LRT-HDB
PW7,828778,0.6,7.0,LRT-HDB
PE3,820135,0.4,5.0,LRT-HDB
PW7,828700,0.6,7.0,LRT-HDB
PE4,821160A,0.2,2.0,LRT-HDB
PE4,822160B,0.1,1.0,LRT-HDB
PE4,821161A,0.2,3.0,LRT-HDB
PE4,822161B,0.2,2.0,LRT-HDB
PE4,821162A,0.3,4.0,LRT-HDB
PE4,822162B,0.3,4.0,LRT-HDB
PE3,821163A,0.3,3.0,LRT-HDB
PE4,821163A,0.3,4.0,LRT-HDB
PE3,822163B,0.3,3.0,LRT-HDB
PE4,822163B,0.3,4.0,LRT-HDB
PE3,821165A,0.3,4.0,LRT-HDB
PE4,821165A,0.2,2.0,LRT-HDB
PE3,822165B,0.3,3.0,LRT-HDB
PE4,822165B,0.3,3.0,LRT-HDB
PE4,821166A,0.1,1.0,LRT-HDB
PE4,822166B,0.2,2.0,LRT-HDB
PE3,821167A,0.3,4.0,LRT-HDB
PE4,821167A,0.2,2.0,LRT-HDB
PE3,822167B,0.3,4.0,LRT-HDB
PE4,822167B,0.2,2.0,LRT-HDB
PE3,823167C,0.3,3.0,LRT-HDB
PE4,823167C,0.2,2.0,LRT-HDB
PE3,824167D,0.3,3.0,LRT-HDB
PE4,824167D,0.2,3.0,LRT-HDB
PE3,821168A,0.2,3.0,LRT-HDB
PE4,821168A,0.3,3.0,LRT-HDB
PE3,822168B,0.2,3.0,LRT-HDB
PE4,822168B,0.3,3.0,LRT-HDB
PE3,823168C,0.2,2.0,LRT-HDB
PE4,823168C,0.3,4.0,LRT-HDB
PE3,824168D,0.2,2.0,LRT-HDB
PE4,824168D,0.3,4.0,LRT-HDB
PE3,821169A,0.3,3.0,LRT-HDB
PE4,821169A,0.3,4.0,LRT-HDB
PE3,822169B,0.2,3.0,LRT-HDB
PE4,822169B,0.3,4.0,LRT-HDB
PE3,823169C,0.2,3.0,LRT-HDB
PE4,823169C,0.3,3.0,LRT-HDB
PE3,821170A,0.3,4.0,LRT-HDB
PE4,821170A,0.2,3.0,LRT-HDB
PE3,822170B,0.3,3.0,LRT-HDB
PE4,822170B,0.3,3.0,LRT-HDB
PE3,823170C,0.3,3.0,LRT-HDB
PE4,823170C,0.3,3.0,LRT-HDB
PE3,821171A,0.1,2.0,LRT-HDB
PE3,822171B,0.2,2.0,LRT-HDB
PE3,823171C,0.2,2.0,LRT-HDB
PE3,821172A,0.3,3.0,LRT-HDB
PE3,822172B,0.3,3.0,LRT-HDB
PE3,823172C,0.2,3.0,LRT-HDB
PE2,821173A,0.1,1.0,LRT-HDB
PE2,822173B,0.2,2.0,LRT-HDB
PE2,823173C,0.3,3.0,LRT-HDB
PE2,824173D,0.3,3.0,LRT-HDB
PE2,821174A,0.3,4.0,LRT-HDB
PE2,822174B,0.3,3.0,LRT-HDB
PE2,823174C,0.2,3.0,LRT-HDB
PE2,824174D,0.2,2.0,LRT-HDB
PE2,821175A,0.1,1.0,LRT-HDB
PE2,822175B,0.2,2.0,LRT-HDB
PE1,823175C,0.3,4.0,LRT-HDB
PE2,823175C,0.2,2.0,LRT-HDB
PE1,824175D,0.3,3.0,LRT-HDB
PE2,824175D,0.3,3.0,LRT-HDB
PE1,821176A,0.3,4.0,LRT-HDB
PE2,821176A,0.3,3.0,LRT-HDB
PE2,822176B,0.2,3.0,LRT-HDB
PE2,823176C,0.2,2.0,LRT-HDB
PE2,824176D,0.2,2.0,LRT-HDB
PE1,820178,0.3,4.0,LRT-HDB
PE2,820178,0.3,4.0,LRT-HDB
PE2,820181,0.3,3.0,LRT-HDB
PE2,820182,0.3,3.0,LRT-HDB
PE2,820183,0.3,3.0,LRT-HDB
PE2,820184,0.3,3.0,LRT-HDB
PE2,820185,0.2,3.0,LRT-HDB
PE2,820186,0.4,4.0,LRT-HDB
PE2,820187,0.4,4.0,LRT-HDB
PE2,820188,0.3,4.0,LRT-HDB
PE2,820190,0.3,4.0,LRT-HDB
PE2,820191,0.4,4.0,LRT-HDB
PE2,820192,0.4,4.0,LRT-HDB
PE2,820193,0.4,5.0,LRT-HDB
PE1,821195A,0.3,3.0,LRT-HDB
PE1,822195B,0.3,3.0,LRT-HDB
PE1,823195C,0.3,3.0,LRT-HDB
PE1,824195D,0.3,4.0,LRT-HDB
PE1,825195E,0.3,4.0,LRT-HDB
PE1,821196A,0.2,2.0,LRT-HDB
PE1,822196B,0.2,2.0,LRT-HDB
PE1,823196C,0.2,3.0,LRT-HDB
PE1,824196D,0.2,2.0,LRT-HDB
PE1,821197A,0.2,2.0,LRT-HDB
PE1,822197B,0.2,2.0,LRT-HDB
PE1,821199A,0.1,1.0,LRT-HDB
PE1,822199B,0.1,1.0,LRT-HDB
PE1,823199C,0.2,2.0,LRT-HDB
PE1,824199D,0.2,2.0,LRT-HDB
PE1,821201A,0.3,4.0,LRT-HDB
PE1,822201B,0.3,3.0,LRT-HDB
PE1,823201C,0.3,3.0,LRT-HDB
PE1,824201D,0.3,4.0,LRT-HDB
PE1,821202A,0.2,2.0,LRT-HDB
PE1,822202B,0.2,3.0,LRT-HDB
PE1,821203A,0.3,3.0,LRT-HDB
PE1,822203B,0.4,4.0,LRT-HDB
PE1,821204A,0.4,4.0,LRT-HDB
PE1,822204B,0.4,4.0,LRT-HDB
PE1,823204C,0.4,5.0,LRT-HDB
PE1,824204D,0.4,5.0,LRT-HDB
PE1,821205A,0.5,6.0,LRT-HDB
PE1,821206A,0.5,6.0,LRT-HDB
PE1,821207A,0.6,7.0,LRT-HDB
NE17,822207B,0.6,7.0,LRT-HDB
NE17,823207C,0.6,7.0,LRT-HDB
NE17,824207D,0.6,7.0,LRT-HDB
NE17,821208A,0.5,6.0,LRT-HDB
NE17,822208B,0.5,6.0,LRT-HDB
NE17,823208C,0.5,6.0,LRT-HDB
PE1,821209A,0.6,7.0,LRT-HDB
PE1,822209B,0.6,7.0,LRT-HDB
PE1,823209C,0.6,7.0,LRT-HDB
PE1,821210A,0.7,8.0,LRT-HDB
NE17,822210B,0.7,8.0,LRT-HDB
PE1,823210C,0.7,8.0,LRT-HDB
NE17,821211A,0.5,6.0,LRT-HDB
NE17,822211B,0.6,7.0,LRT-HDB
PW7,823211C,0.6,7.0,LRT-HDB
PW7,824211D,0.6,7.0,LRT-HDB
PW7,821212A,0.7,8.0,LRT-HDB
PW7,822212B,0.7,8.0,LRT-HDB
PW7,821213A,0.6,7.0,LRT-HDB
PW7,822213B,0.6,7.0,LRT-HDB
PW7,823213C,0.6,7.0,LRT-HDB
PW7,821217A,0.4,5.0,LRT-HDB
PW7,822217B,0.5,6.0,LRT-HDB
PW7,823217C,0.4,5.0,LRT-HDB
PW7,824217D,0.4,5.0,LRT-HDB
PW7,821220A,0.6,7.0,LRT-HDB
PW7,822220B,0.5,6.0,LRT-HDB
PW7,823220C,0.5,6.0,LRT-HDB
PW7,821221A,0.6,7.0,LRT-HDB
PW7,822221B,0.6,7.0,LRT-HDB
PW7,821222A,0.7,8.0,LRT-HDB
PW7,821223A,0.7,9.0,LRT-HDB
PW7,821224A,0.7,8.0,LRT-HDB
PW7,822224B,0.6,7.0,LRT-HDB
PW7,823224C,0.6,7.0,LRT-HDB
PW7,821226A,0.6,7.0,LRT-HDB
PW7,822226B,0.6,7.0,LRT-HDB
PW7,823226C,0.5,6.0,LRT-HDB
PW7,821227A,0.6,7.0,LRT-HDB
PW7,822227B,0.5,6.0,LRT-HDB
PW7,821231A,0.8,9.0,LRT-HDB
PW7,822231B,0.8,9.0,LRT-HDB
PW7,821232A,0.8,10.0,LRT-HDB
PW7,822232B,0.9,10.0,LRT-HDB
PW7,823232C,0.9,11.0,LRT-HDB
PW7,821233A,0.9,11.0,LRT-HDB
PW7,822233B,0.9,11.0,LRT-HDB
PW7,823233C,0.9,10.0,LRT-HDB
PW7,821234A,0.8,9.0,LRT-HDB
PW7,822234B,0.8,10.0,LRT-HDB
PW7,821256A,0.2,3.0,LRT-HDB
PW7,822256B,0.2,2.0,LRT-HDB
PW7,823256C,0.2,2.0,LRT-HDB
PW7,824256D,0.2,2.0,LRT-HDB
PW7,821258A,0.3,3.0,LRT-HDB
PW7,822258B,0.3,3.0,LRT-HDB
PW7,823258C,0.2,3.0,LRT-HDB
PW7,821259A,0.3,4.0,LRT-HDB
PW7,822259B,0.3,4.0,LRT-HDB
PW7,823259C,0.3,3.0,LRT-HDB
PW7,821260A,0.1,2.0,LRT-HDB
PW7,822260B,0.2,2.0,LRT-HDB
PW7,823260C,0.1,2.0,LRT-HDB
PW7,821261A,0.1,2.0,LRT-HDB
PW7,822261B,0.2,2.0,LRT-HDB
PW7,823261C,0.1,2.0,LRT-HDB
PW7,821264A,0.2,2.0,LRT-HDB
PW6,821264A,0.3,4.0,LRT-HDB
PW7,821265A,0.2,2.0,LRT-HDB
PW7,822265B,0.2,2.0,LRT-HDB
PW7,823265C,0.2,2.0,LRT-HDB
PW7,824265D,0.2,2.0,LRT-HDB
PW7,821266A,0.1,2.0,LRT-HDB
PW6,821266A,0.3,4.0,LRT-HDB
PW7,822266B,0.1,1.0,LRT-HDB
PW7,823266C,0.1,1.0,LRT-HDB
PW7,824266D,0.1,2.0,LRT-HDB
PW7,821267A,0.1,2.0,LRT-HDB
PW7,822267B,0.2,2.0,LRT-HDB
PW7,823267C,0.2,2.0,LRT-HDB
PW7,821268A,0.2,2.0,LRT-HDB
PW7,822268B,0.2,3.0,LRT-HDB
PW7,823268C,0.3,3.0,LRT-HDB
PW7,824268D,0.3,4.0,LRT-HDB
PW7,821269A,0.4,4.0,LRT-HDB
PW7,822269B,0.3,4.0,LRT-HDB
PW7,823269C,0.3,3.0,LRT-HDB
PW7,821270A,0.3,4.0,LRT-HDB
PW7,822270B,0.3,3.0,LRT-HDB
PW7,823270C,0.3,3.0,LRT-HDB
NE17,821271A,0.3,4.0,LRT-HDB
NE17,822271B,0.3,3.0,LRT-HDB
NE17,823271C,0.3,3.0,LRT-HDB
NE17,824271D,0.3,3.0,LRT-HDB
NE17,821272A,0.3,4.0,LRT-HDB
NE17,822272B,0.4,4.0,LRT-HDB
NE17,823272C,0.4,5.0,LRT-HDB
NE17,824272D,0.4,5.0,LRT-HDB
NE17,821273A,0.4,4.0,LRT-HDB
NE17,822273B,0.4,5.0,LRT-HDB
NE17,823273C,0.4,5.0,LRT-HDB
NE17,824273D,0.4,4.0,LRT-HDB
NE17,821274A,0.3,4.0,LRT-HDB
NE17,822274B,0.3,3.0,LRT-HDB
NE17,823274C,0.3,3.0,LRT-HDB
NE17,824274D,0.3,4.0,LRT-HDB
NE17,821288A,0.4,4.0,LRT-HDB
NE17,822288B,0.4,4.0,LRT-HDB
NE17,823288C,0.4,4.0,LRT-HDB
NE17,821289A,0.5,5.0,LRT-HDB
PE1,822289B,0.4,5.0,LRT-HDB
PE1,823289C,0.4,5.0,LRT-HDB
NE17,824289D,0.4,5.0,LRT-HDB
NE17,820293,0.4,5.0,LRT-HDB
PE1,820294,0.4,5.0,LRT-HDB
PE1,820295,0.3,4.0,LRT-HDB
PE1,820296,0.3,3.0,LRT-HDB
PE1,820297,0.4,4.0,LRT-HDB
PE1,820298,0.4,5.0,LRT-HDB
PE1,820299,0.4,5.0,LRT-HDB
PE7,821301A,0.3,4.0,LRT-HDB
PE7,822301B,0.4,4.0,LRT-HDB
PE7,823301C,0.4,5.0,LRT-HDB
NE17,824301D,0.4,5.0,LRT-HDB
NE17,821302A,0.3,3.0,LRT-HDB
NE17,822302B,0.3,4.0,LRT-HDB
NE17,823302C,0.3,4.0,LRT-HDB
NE17,824302D,0.4,4.0,LRT-HDB
PE7,821303A,0.4,5.0,LRT-HDB
NE17,824303D,0.4,4.0,LRT-HDB
PE7,821305A,0.3,3.0,LRT-HDB
PE7,822305B,0.3,4.0,LRT-HDB
PE7,824305D,0.3,3.0,LRT-HDB
NE17,821306A,0.4,5.0,LRT-HDB
PE7,822306B,0.4,4.0,LRT-HDB
PE7,823306C,0.4,4.0,LRT-HDB
PE7,824306D,0.3,4.0,LRT-HDB
PW6,821308A,0.3,4.0,LRT-HDB
PW6,822308B,0.2,2.0,LRT-HDB
PW6,823308C,0.1,1.0,LRT-HDB
PW6,821310A,0.4,4.0,LRT-HDB
PW6,822310B,0.3,4.0,LRT-HDB
PW5,822310B,0.3,4.0,LRT-HDB
PW6,823310C,0.3,3.0,LRT-HDB
PW5,823310C,0.3,3.0,LRT-HDB
PW5,821312A,0.2,2.0,LRT-HDB
PW5,822312B,0.1,1.0,LRT-HDB
PW5,823312C,0.2,2.0,LRT-HDB
PW5,821313A,0.3,4.0,LRT-HDB
PW5,822313B,0.3,4.0,LRT-HDB
PW5,823313C,0.2,3.0,LRT-HDB
PW6,821314A,0.1,1.0,LRT-HDB
PW7,822314B,0.3,4.0,LRT-HDB
PW6,822314B,0.2,2.0,LRT-HDB
PW6,821315A,0.2,3.0,LRT-HDB
PW6,822315B,0.3,3.0,LRT-HDB
PW6,821316A,0.1,1.0,LRT-HDB
PW6,822316B,0.1,2.0,LRT-HDB
PW6,824316D,0.3,3.0,LRT-HDB
PW5,821322A,0.4,5.0,LRT-HDB
PW6,822322B,0.4,5.0,LRT-HDB
PW6,823322C,0.4,4.0,LRT-HDB
PW6,824322D,0.4,4.0,LRT-HDB
PW5,823323C,0.4,4.0,LRT-HDB
PW5,824323D,0.4,4.0,LRT-HDB
PW5,821325A,0.4,4.0,LRT-HDB
PW5,822325B,0.4,4.0,LRT-HDB
PW5,821326A,0.2,3.0,LRT-HDB
PW5,822326B,0.2,2.0,LRT-HDB
PW5,823326C,0.1,1.0,LRT-HDB
PW5,821327A,0.2,2.0,LRT-HDB
PW5,822327B,0.1,2.0,LRT-HDB
PW5,823327C,0.1,1.0,LRT-HDB
PE7,821601A,0.4,4.0,LRT-HDB
PE7,822601B,0.4,5.0,LRT-HDB
PE7,823601C,0.3,4.0,LRT-HDB
PE7,824601D,0.3,4.0,LRT-HDB
PE7,821602A,0.3,4.0,LRT-HDB
PE7,822602B,0.4,4.0,LRT-HDB
PE7,823602C,0.4,4.0,LRT-HDB
PE7,821603A,0.2,3.0,LRT-HDB
PE7,822603B,0.3,3.0,LRT-HDB
PE7,821604A,0.2,3.0,LRT-HDB
PE7,822604B,0.3,3.0,LRT-HDB
PE7,823604C,0.3,3.0,LRT-HDB
PE7,821612A,0.2,2.0,LRT-HDB
PE7,822612B,0.1,1.0,LRT-HDB
PE7,823612C,0.1,2.0,LRT-HDB
PE7,824612D,0.2,2.0,LRT-HDB
PE7,821613A,0.2,2.0,LRT-HDB
PE7,822613B,0.2,2.0,LRT-HDB
PE7,823613C,0.2,2.0,LRT-HDB
PE7,824613D,0.2,2.0,LRT-HDB
PE7,821614A,0.2,3.0,LRT-HDB
PE7,822614B,0.4,4.0,LRT-HDB
PE7,821615A,0.2,3.0,LRT-HDB
PE7,822615B,0.3,3.0,LRT-HDB
PE7,823615C,0.3,3.0,LRT-HDB
PE6,821617A,0.2,2.0,LRT-HDB
PE6,822617B,0.1,1.0,LRT-HDB
PE6,823617C,0.1,1.0,LRT-HDB
PE6,824617D,0.1,1.0,LRT-HDB
PE6,821618A,0.2,2.0,LRT-HDB
PE6,822618B,0.2,2.0,LRT-HDB
PE6,823618C,0.2,2.0,LRT-HDB
PE6,824618D,0.2,2.0,LRT-HDB
PE6,821619A,0.2,2.0,LRT-HDB
PE6,822619B,0.3,3.0,LRT-HDB
PE6,823619C,0.3,3.0,LRT-HDB
PE6,824619D,0.2,3.0,LRT-HDB
PE6,821621A,0.4,5.0,LRT-HDB
PE6,821622A,0.4,4.0,LRT-HDB
PE6,822622B,0.4,4.0,LRT-HDB
PE6,823622C,0.3,4.0,LRT-HDB
PE6,821623A,0.3,4.0,LRT-HDB
PE6,822623B,0.4,5.0,LRT-HDB
PE6,823623C,0.4,4.0,LRT-HDB
PE6,821624A,0.3,3.0,LRT-HDB
PE6,822624B,0.3,3.0,LRT-HDB
PE6,823624C,0.3,3.0,LRT-HDB
PE6,821632A,0.2,3.0,LRT-HDB
PE6,822632B,0.2,2.0,LRT-HDB
PE6,823632C,0.2,2.0,LRT-HDB
PE6,821633A,0.2,2.0,LRT-HDB
PE6,821635A,0.2,3.0,LRT-HDB
PE6,822635B,0.3,3.0,LRT-HDB
PE5,823635C,0.3,4.0,LRT-HDB
PE6,823635C,0.3,3.0,LRT-HDB
PE5,821636A,0.3,4.0,LRT-HDB
PE6,821636A,0.3,4.0,LRT-HDB
PE6,822636B,0.3,3.0,LRT-HDB
PE5,821637A,0.3,3.0,LRT-HDB
PE5,822637B,0.2,3.0,LRT-HDB
PE5,823637C,0.2,3.0,LRT-HDB
PE5,824637D,0.2,2.0,LRT-HDB
PE5,821638A,0.2,3.0,LRT-HDB
PE5,822638B,0.2,2.0,LRT-HDB
PE5,823638C,0.2,2.0,LRT-HDB
PE5,821641A,0.2,2.0,LRT-HDB
PE5,822641B,0.1,1.0,LRT-HDB
PE5,823641C,0.1,1.0,LRT-HDB
PE5,821642A,0.2,2.0,LRT-HDB
PE5,822642B,0.2,2.0,LRT-HDB
PE5,823642C,0.2,2.0,LRT-HDB
PE5,824642D,0.2,2.0,LRT-HDB
PE5,820643,0.3,3.0,LRT-HDB
PE5,820645,0.2,3.0,LRT-HDB
PE5,820646,0.2,3.0,LRT-HDB
PE5,820647,0.3,3.0,LRT-HDB
PE5,820648,0.3,4.0,LRT-HDB
PE5,820649,0.4,4.0,LRT-HDB
PE4,820651,0.3,4.0,LRT-HDB
PE4,820652,0.3,4.0,LRT-HDB
PE5,820652,0.3,4.0,LRT-HDB
PE5,821663A,0.2,2.0,LRT-HDB
PE5,822663B,0.2,2.0,LRT-HDB
PE5,823663C,0.2,2.0,LRT-HDB
PE5,821664A,0.2,2.0,LRT-HDB
PE5,822664B,0.2,2.0,LRT-HDB
PE6,821665A,0.1,2.0,LRT-HDB
PE6,822665B,0.2,2.0,LRT-HDB
PE6,823665C,0.3,3.0,LRT-HDB
PE5,821666A,0.3,4.0,LRT-HDB
PE6,821666A,0.3,4.0,LRT-HDB
PE5,822666B,0.3,4.0,LRT-HDB
PE6,822666B,0.3,4.0,LRT-HDB
PE6,821667A,0.2,2.0,LRT-HDB
PE6,822667B,0.3,3.0,LRT-HDB
PE7,821676A,0.2,2.0,LRT-HDB
PE7,822676B,0.2,3.0,LRT-HDB
PE7,823676C,0.3,3.0,LRT-HDB
PE7,824676D,0.3,4.0,LRT-HDB
PE7,821677A,0.1,1.0,LRT-HDB
PE7,822677B,0.2,2.0,LRT-HDB
PE7,823677C,0.2,2.0,LRT-HDB
PE7,824677D,0.2,3.0,LRT-HDB
PE7,821678A,0.1,1.0,LRT-HDB
PE7,822678B,0.1,1.0,LRT-HDB
PE7,823678C,0.2,2.0,LRT-HDB
PE7,821679A,0.1,2.0,LRT-HDB
PE7,822679B,0.2,2.0,LRT-HDB
PE7,823679C,0.2,2.0,LRT-HDB
PE7,822303B,0.4,4.0,LRT-HDB
PE7,823303c,0.4,4.0,LRT-HDB
PW6,821316C,0.2,3.0,LRT-HDB
PW5,821313A,0.3,4.0,LRT-HDB
PW5,821313B,0.3,4.0,LRT-HDB
PE7,823603C,0.3,3.0,LRT-HDB
PE6,822622B,0.4,4.0,LRT-HDB
PE6,822633B,0.2,2.0,LRT-HDB
PE7,821672A,0.5,6.0,LRT-HDB
